[
    {
      "base": [
        "X3",
        "X2",
        "X6"
      ],
      "variable": [
        "X1",
        "X2",
        "X3",
        "X4",
        "X5",
        "X6"
      ],
      "table": [
        [
          0.667,
          0.333,
          1.0,
          0.333,
          0.0,
          0.0,
          14.0
        ],
        [
          0.667,
          0.333,
          0.0,
          -0.667,
          1.0,
          0.0,
          12.0
        ],
        [
          0.333,
          0.167,
          0.0,
          -0.333,
          0.0,
          1.0,
          31.0
        ],
        [
          6.0,
          -7.0,
          0.0,
          15.0,
          0.0,
          0.0,
          630.0
        ]
      ],
      "erro": "",
      "cb": [
        45,
        22,
        0
      ],
      "z": [
        -24,
        -22,
        -45,
        0,
        0,
        0,
        0
      ],
      "artificial": [],
      "pivo": [
        0,
        2
      ]
    },
    {
      "base": [
        "X3",
        "X2",
        "X6"
      ],
      "variable": [
        "X1",
        "X2",
        "X3",
        "X4",
        "X5",
        "X6"
      ],
      "table": [
        [
          0.0,
          0.0,
          1.0,
          1.0,
          -1.0,
          0.0,
          2.0
        ],
        [
          2.0,
          1.0,
          0.0,
          -2.0,
          3.0,
          0.0,
          36.0
        ],
        [
          0.0,
          0.0,
          0.0,
          0.0,
          -0.5,
          1.0,
          25.0
        ],
        [
          20.0,
          0.0,
          0.0,
          1.0,
          21.0,
          0.0,
          882.0
        ]
      ],
      "erro": "",
      "cb": [
        45,
        22,
        0
      ],
      "z": [
        -24,
        -22,
        -45,
        0,
        0,
        0,
        0
      ],
      "artificial": [],
      "pivo": [
        1,
        1
      ]
    }
  ]