{
  "data": [
    {
      "id": 0.3335687577641502,
      "numberVariablesMethod": [
        {
          "x1": "1",
          "x2": "2",
          "simbol": "<=",
          "result": "3"
        },
        {
          "x1": "4",
          "x2": "5",
          "simbol": "=",
          "result": "6"
        }
      ],
      "constraintsMethod": {
        "x1": "1",
        "x2": "2"
      },
      "method": "Minimizar",
      "option": "Dual",
      "type": "Graph"
    },
    {
      "id": 0.9694518845552722,
      "numberVariablesMethod": [
        {
          "x1": "7",
          "x2": "6",
          "x3": "5",
          "simbol": "<=",
          "result": "0"
        },
        {
          "x1": "7",
          "x2": "6",
          "x3": "4",
          "simbol": ">=",
          "result": "0"
        }
      ],
      "constraintsMethod": {
        "x1": "2",
        "x2": "4",
        "x3": "5"
      },
      "method": "Maximizar",
      "option": "Primal",
      "type": "Tabular"
    },
    {
      "id": 0.13411963164499996,
      "numberVariablesMethod": [
        {
          "x1": "5",
          "x2": "6",
          "x3": "7",
          "simbol": "<=",
          "result": "8"
        },
        {
          "x1": "9",
          "x2": "10",
          "x3": "11",
          "simbol": "=",
          "result": "12"
        }
      ],
      "constraintsMethod": {
        "x1": "1",
        "x2": "2",
        "x3": "4"
      },
      "method": "Maximizar",
      "option": "Primal",
      "type": "Tabular"
    },
    {
      "id": 0.8749597027238549,
      "numberVariablesMethod": [
        {
          "x1": "1",
          "x2": "2",
          "simbol": "<=",
          "result": "3"
        },
        {
          "x1": "4",
          "x2": "5",
          "simbol": ">=",
          "result": "6"
        }
      ],
      "constraintsMethod": {
        "x1": "1",
        "x2": "2"
      },
      "type": "Graph"
    }
  ]
}