[
    {
        "base": [
            "X1",
            "X5",
            "X2"
        ],
        "variable": [
            "Cb",
            "X1",
            "X2",
            "X3",
            "X4",
            "X5",
            "X6",
            "b"
        ],
        "table": [
            [
                0,
                1.0,
                0.0,
                5.0,
                -1.0,
                -0.0,
                0.0,
                7.5
            ],
            [
                0,
                0.0,
                0.0,
                1.0,
                0.6,
                1.0,
                -1.0,
                0.3
            ],
            [
                0,
                0.0,
                1.0,
                -5.0,
                3.0,
                0.0,
                0.0,
                4.5
            ],
            [
                0.0,
                0.0,
                0.0,
                1.0,
                0.0,
                1.0,
                0.0
            ]
        ],
        "erro": "",
        "z": [
            0,
            0,
            0,
            -1,
            0,
            -1,
            0
        ],
        "pivo": []
    }
]